x,y,temp,elev_m
10.913103244882933,45.40201296127793,15.59542179107666,70.70965576171875
11.493103244882933,45.962012961277935,4.599820137023926,1858.8857421875
11.473103244882932,45.54201296127793,13.987434387207031,99.33948516845703
12.293103244882932,46.282012961277935,8.43855094909668,998.9937744140626
11.973103244882932,46.462012961277935,6.119455814361572,1388.7552490234373
11.753103244882933,45.02201296127793,14.828068733215332,2.8600218296051025
10.733103244882932,45.642012961277935,9.806364059448242,488.55615234375
11.853103244882933,46.30201296127794,0.5370522737503052,2431.619140625
10.773103244882932,45.66201296127794,8.886656761169434,955.5699462890625
10.673103244882933,45.58201296127793,10.05361270904541,93.604522705078125
11.853103244882933,46.502012961277934,3.065537452697754,2110.865478515625
11.053103244882932,45.58201296127793,11.380383491516113,709.8944091796874
12.353103244882933,45.80201296127793,13.888219833374023,36.719970703125
10.973103244882932,45.682012961277934,8.225010871887207,1389.8409423828123
12.153103244882931,45.12201296127793,13.94705581665039,-1.5594838857650757
11.973103244882932,46.34201296127794,6.079935550689697,959.69427490234375
11.493103244882933,45.34201296127793,14.52938461303711,17.173992156982422
12.393103244882932,45.002012961277934,12.17982006072998,-2.2063348293304443
11.593103244882933,45.44201296127793,13.704008102416992,38.769203186035156
12.093103244882933,46.502012961277934,3.2841460704803467,1823.7049560546875
12.193103244882932,46.30201296127794,4.129085063934326,1753.0435791015623
12.513103244882933,45.822012961277935,14.34085464477539,12.726454734802244
12.453103244882932,45.76201296127793,14.024752616882324,13.037549018859863
12.153103244882931,46.62201296127794,2.5437521934509277,2157.2353515625
12.793103244882932,45.782012961277935,14.287104606628418,4.776644229888916
12.373103244882932,45.84201296127794,13.996115684509277,31.71786117553711
11.593103244882933,45.66201296127794,14.518817901611328,70.232025146484375
11.153103244882931,45.70201296127794,6.4499735832214355,1391.3631591796875
11.033103244882932,45.40201296127793,15.057829856872559,45.41866683959961
11.193103244882932,45.182012961277934,15.102206230163574,15.497329711914062
12.073103244882933,46.52201296127794,3.4692323207855225,1893.0455322265625
12.373103244882932,46.34201296127794,4.441173076629639,1521.662353515625
12.913103244882933,45.822012961277935,13.55698299407959,9.076064109802246
11.873103244882932,45.98201296127794,8.103398323059082,685.7607421875
11.833103244882933,44.98201296127793,13.86371898651123,2.106043815612793
10.813103244882932,45.602012961277936,12.965824127197266,289.66796875
12.433103244882933,45.922012961277936,14.229272842407227,38.9936408996582
10.953103244882932,45.30201296127793,14.310909271240234,34.482872009277344
12.113103244882932,45.44201296127793,14.020709037780762,3.8440170288085938
11.793103244882932,45.322012961277935,13.956255912780762,16.293102264404297
12.273103244882932,45.182012961277934,13.146462440490723,0.6774312257766724
10.833103244882933,45.54201296127793,13.108779907226562,257.6459655761719
10.953103244882932,45.54201296127793,13.177278518676758,336.622314453125
12.213103244882932,45.502012961277934,14.475089073181152,4.972188472747803
11.213103244882932,45.20201296127794,14.960103034973145,16.44056510925293
11.533103244882932,45.182012961277934,14.868051528930664,7.809232234954834
10.953103244882932,45.322012961277935,14.52221965789795,37.407474517822266
12.173103244882933,45.602012961277936,13.975276947021484,14.87231159210205
11.373103244882932,45.362012961277934,15.143238067626953,25.481763839721676
12.193103244882932,46.16201296127794,10.187921524047852,543.4349365234375
11.433103244882933,45.02201296127793,14.64195728302002,6.9640679359436035
12.393103244882932,45.58201296127793,14.106800079345703,1.488895297050476
12.173103244882933,46.002012961277934,9.235108375549316,816.0792236328125
12.033103244882932,45.16201296127793,14.2556734085083,-1.1528334617614746
12.133103244882932,45.682012961277934,14.5747709274292,38.45629119873047
10.893103244882932,45.282012961277935,14.55803108215332,34.04754638671875
11.693103244882932,45.16201296127793,14.43282699584961,4.752871990203857
11.653103244882931,45.90201296127793,8.505122184753418,1025.259521484375
12.113103244882932,46.322012961277935,3.5101444721221924,1811.173583984375
11.453103244882932,45.502012961277934,14.677923202514648,74.21250915527344
11.793103244882932,45.782012961277935,13.865107536315918,137.62515258789062
11.093103244882933,45.102012961277936,14.370210647583008,12.071703910827637
12.433103244882933,45.52201296127794,11.987520217895508,-0.657102644443512
11.453103244882932,45.38201296127794,13.890558242797852,168.60540771484375
12.293103244882932,46.04201296127793,8.953039169311523,928.5518188476561
11.573103244882933,45.58201296127793,13.977046012878418,39.2831687927246
12.053103244882932,46.02201296127794,9.058042526245117,507.50494384765625
11.813103244882932,46.02201296127794,9.523900032043457,850.85968017578125
11.993103244882933,45.98201296127794,7.947273254394531,652.08685302734375
12.713103244882932,45.58201296127793,13.72165298461914,-1.4493454694747925
11.573103244882933,45.90201296127793,7.934268951416016,1371.033447265625
11.693103244882932,45.742012961277936,13.79465103149414,95.66764068603516
12.193103244882932,45.84201296127794,12.262500762939453,123.34149932861328
12.353103244882933,44.822012961277935,13.124663352966309,-1.6446416378021242
10.973103244882932,45.602012961277936,10.955838203430176,670.83123779296875
11.173103244882933,45.30201296127793,14.64426040649414,24.33401870727539
10.813103244882932,45.502012961277934,13.700798034667969,122.54706573486328
10.773103244882932,45.72201296127793,9.21123218536377,102.53777313232422
12.153103244882931,45.48201296127793,14.086112022399902,5.250555515289307
11.753103244882933,45.142012961277935,14.541702270507812,3.677072525024414
10.893103244882932,45.34201296127793,14.553478240966797,44.73662567138672
11.493103244882933,45.782012961277935,11.202771186828613,937.6673583984375
11.853103244882933,45.54201296127793,13.886240005493164,24.009296417236328
11.553103244882932,45.962012961277935,5.2387189865112305,1614.5722656249998
11.653103244882931,45.12201296127793,14.191316604614258,6.220841884613037
10.693103244882932,45.56201296127794,10.378972053527832,68.37007141113281
12.673103244882933,46.602012961277936,3.1147096157073975,1873.7821044921875
12.293103244882932,46.322012961277935,6.1575727462768555,1286.9371337890625
11.973103244882932,46.282012961277935,4.602632999420166,1452.4527587890625
11.373103244882932,45.242012961277936,14.306591987609863,15.090580940246584
11.453103244882932,45.16201296127793,14.35097885131836,8.470842361450195
10.853103244882933,45.76201296127793,6.904440402984619,1362.65234375
11.033103244882932,45.462012961277935,14.388548851013184,73.72382354736328
12.653103244882931,45.782012961277935,13.977689743041992,5.337167263031006
11.473103244882932,45.44201296127793,13.067358016967773,170.59222412109375
11.273103244882932,45.26201296127793,13.639593124389648,18.539329528808594
12.173103244882933,45.962012961277935,11.679961204528809,287.25140380859375
11.573103244882933,45.102012961277936,14.043249130249023,6.31141996383667
11.953103244882932,45.602012961277936,13.916902542114258,27.270694732666012
12.393103244882932,45.642012961277935,14.49056339263916,6.300739765167236
12.373103244882932,45.72201296127793,13.957459449768066,18.37527084350586
12.453103244882932,45.462012961277935,12.395349502563477,0.8151416778564453
12.093103244882933,45.62201296127793,13.848407745361328,22.291687011718746
12.113103244882932,46.502012961277934,3.875181198120117,1703.9136962890627
12.813103244882932,45.62201296127793,13.445592880249023,-1.4527748823165894
12.073103244882933,46.30201296127794,7.372903823852539,1260.040771484375
11.993103244882933,46.38201296127794,6.85410213470459,1127.5159912109375
11.493103244882933,45.72201296127793,14.351607322692871,169.19384765625003
11.333103244882933,45.54201296127793,13.427988052368164,243.53201293945312
11.113103244882932,45.182012961277934,14.575751304626465,15.957356452941895
12.493103244882933,46.462012961277935,5.4345173835754395,1264.0164794921875
10.833103244882933,45.422012961277936,14.144762992858887,121.83821105957031
11.413103244882933,45.04201296127793,14.57282543182373,7.186726093292236
12.013103244882933,46.48201296127794,4.643185138702393,2047.4927978515625
12.413103244882933,45.862012961277934,14.236273765563965,26.54351043701172
12.233103244882933,45.182012961277934,13.5230712890625,-1.4889167547225952
10.973103244882932,45.66201296127794,9.622511863708496,1239.281005859375
12.153103244882931,46.502012961277934,5.996939659118652,1251.317138671875
11.993103244882933,45.70201296127794,14.137928009033203,55.08654022216797
12.133103244882932,45.54201296127793,13.851923942565918,11.190269470214844
11.693103244882932,45.76201296127793,13.247114181518555,136.1377410888672
10.773103244882932,45.44201296127793,14.051795959472656,117.82177734375
10.653103244882931,45.422012961277936,13.730291366577148,99.56646728515625
10.993103244882931,45.30201296127793,14.37478256225586,31.250091552734375
12.113103244882932,45.502012961277934,14.017601013183594,9.33655834197998
12.093103244882933,46.602012961277936,3.7583694458007812,1629.602294921875
11.553103244882932,45.20201296127794,14.649067878723145,9.204862594604492
12.213103244882932,45.102012961277936,14.099174499511719,-2.5816702842712402
12.033103244882932,45.182012961277934,14.301362037658691,0.25149255990982056
12.853103244882933,45.822012961277935,13.53984546661377,8.100008010864258
12.653103244882931,45.742012961277936,14.271663665771484,2.8794031143188477
12.013103244882933,46.30201296127794,8.360735893249512,791.9249267578126
12.813103244882932,45.80201296127793,14.135331153869629,5.880568504333496
12.013103244882933,45.88201296127794,12.583840370178223,203.6456451416016
11.453103244882932,45.642012961277935,13.833669662475586,84.95875549316406
12.313103244882932,45.782012961277935,13.313979148864746,42.3727912902832
12.273103244882932,46.06201296127794,6.948114395141602,1274.3719482421875
11.793103244882932,45.962012961277935,7.665426254272461,839.2571411132814
12.373103244882932,46.58201296127793,5.758145809173584,1331.8291015625
12.793103244882932,45.58201296127793,13.133702278137207,-1.8285207748413086
11.853103244882933,45.422012961277936,14.712618827819824,13.324958801269533
11.513103244882933,45.54201296127793,15.032819747924805,36.85515594482422
11.593103244882933,44.922012961277936,14.325438499450684,6.247617244720459
11.953103244882932,45.242012961277936,14.301066398620605,1.1555343866348267
11.733103244882933,46.102012961277936,5.936576843261719,1298.730712890625
10.733103244882932,45.322012961277935,14.289494514465332,64.725341796875
12.033103244882932,45.322012961277935,14.176752090454102,3.5649199485778804
11.633103244882932,45.08201296127793,14.532661437988281,5.175699234008789
11.133103244882932,45.34201296127793,14.103606224060059,25.194564819335938
12.513103244882933,45.88201296127794,14.21593189239502,14.33350944519043
12.033103244882932,46.12201296127793,9.338324546813965,894.1711425781251
11.013103244882933,45.62201296127793,10.109219551086426,950.3740234375
11.953103244882932,45.52201296127794,14.023720741271973,18.221633911132812
10.833103244882933,45.34201296127793,14.79880428314209,53.685829162597656
11.113103244882932,45.142012961277935,14.548927307128906,13.298978805541992
11.673103244882933,45.52201296127794,13.849162101745605,28.650836944580078
11.013103244882933,45.682012961277934,8.053832054138184,1471.1392822265625
10.753103244882933,45.30201296127793,14.372599601745605,59.0429801940918
11.953103244882932,45.58201296127793,13.834593772888184,24.3671932220459
10.913103244882933,45.30201296127793,14.292444229125977,36.171180725097656
12.233103244882933,45.62201296127793,13.9374361038208,12.601653099060059
11.813103244882932,45.48201296127793,13.932889938354492,18.757383346557617
11.433103244882933,45.76201296127793,11.992267608642578,305.2513122558594
11.413103244882933,45.502012961277934,15.237771987915039,85.63343048095703
11.633103244882932,45.48201296127793,13.80195140838623,25.754173278808594
12.473103244882932,45.66201296127794,14.627382278442383,4.354106426239014
11.613103244882932,45.88201296127794,8.314079284667969,945.5454711914064
11.293103244882932,45.30201296127793,14.022897720336914,21.518939971923828
10.913103244882933,45.54201296127793,13.586013793945312,288.9966735839844
11.493103244882933,45.362012961277934,14.40009593963623,47.818927764892585
11.513103244882933,45.742012961277936,13.122017860412598,209.33953857421875
11.673103244882933,45.242012961277936,14.01628303527832,108.3160171508789
12.033103244882932,46.182012961277934,6.276083469390869,1022.0045166015625
12.273103244882932,45.90201296127793,13.335565567016602,117.01310729980469
11.353103244882933,45.782012961277935,9.048704147338867,610.711669921875
12.773103244882932,45.742012961277936,14.347018241882324,0.18438489735126495
11.753103244882933,45.502012961277934,13.808794975280762,22.642953872680664
12.873103244882932,45.66201296127794,13.458822250366211,-1.8470664024353027
12.313103244882932,46.242012961277936,8.75185775756836,601.19818115234375
12.313103244882932,45.70201296127794,14.205681800842285,19.47392463684082
12.013103244882933,46.102012961277936,10.120848655700684,606.3502197265625
12.153103244882931,45.422012961277936,13.725932121276855,2.6310350894927983
12.273103244882932,45.84201296127794,14.040528297424316,61.59329605102538
11.973103244882932,45.362012961277934,14.384364128112793,8.846365928649902
10.893103244882932,45.70201296127794,9.467310905456543,872.7158203125
12.693103244882932,45.602012961277936,13.778725624084473,-1.0952014923095703
12.013103244882933,45.362012961277934,14.123370170593262,6.3922600746154785
11.733103244882933,45.682012961277934,13.86941146850586,70.85584259033203
12.093103244882933,46.38201296127794,4.136951446533203,1623.250732421875
12.293103244882932,46.34201296127794,5.3586039543151855,1507.5325927734375
10.973103244882932,45.38201296127794,15.21518611907959,51.693111419677734
11.313103244882932,45.44201296127793,14.751364707946777,37.601478576660156
12.573103244882933,46.602012961277936,4.93761682510376,1693.2906494140623
12.533103244882932,45.742012961277936,14.1510591506958,5.793469429016113
12.293103244882932,46.462012961277935,1.744065761566162,2028.9645996093752
12.033103244882932,45.602012961277936,13.780437469482422,22.667522430419922
11.793103244882932,45.54201296127793,13.870293617248535,24.406635284423828
12.293103244882932,45.782012961277935,13.709872245788574,47.31214141845703
11.473103244882932,45.20201296127794,14.492886543273926,10.955977439880371
10.873103244882932,45.682012961277934,9.66447639465332,912.1080322265625
11.833103244882933,45.322012961277935,14.35624885559082,7.877141952514648
12.113103244882932,46.52201296127794,5.485199451446533,1493.990966796875
12.193103244882932,45.72201296127793,14.394164085388184,43.266334533691406
12.033103244882932,45.642012961277935,13.615297317504883,27.370851516723633
12.373103244882932,45.54201296127793,13.479584693908691,-0.6633743047714235
12.193103244882932,46.26201296127793,5.843884468078613,1366.6180419921875
10.673103244882933,45.48201296127793,10.139460563659668,64.5
11.153103244882931,45.40201296127793,13.983438491821289,32.81532669067383
10.933103244882933,45.22201296127793,14.543100357055664,26.442720413208008
12.113103244882932,45.22201296127793,13.826337814331055,-0.043392036110162735
12.893103244882933,45.62201296127793,12.781149864196777,-0.6113976240158081
11.893103244882932,45.34201296127793,14.457277297973633,8.703705787658691
11.513103244882933,45.30201296127793,14.7813720703125,14.071568489074707
12.493103244882933,45.80201296127793,14.184696197509766,12.70476722717285
12.013103244882933,45.02201296127793,14.49111557006836,-0.7603495717048645
11.513103244882933,45.822012961277935,6.347223281860352,1305.5675048828125
12.193103244882932,45.48201296127793,14.403669357299805,4.280081272125244
11.433103244882933,45.54201296127793,13.799514770507812,78.65484619140625
12.333103244882933,46.06201296127794,8.148394584655762,564.1060791015625
12.173103244882933,46.40201296127793,4.2000203132629395,1844.9556884765627
11.153103244882931,45.38201296127794,13.570221900939941,28.724550247192383
12.233103244882933,46.52201296127794,1.2554386854171753,2006.3702392578125
11.533103244882932,45.862012961277934,8.441630363464355,1058.87353515625
11.333103244882933,45.80201296127793,9.077669143676758,643.8099365234375
12.033103244882932,45.02201296127793,14.487495422363281,-0.7031961679458618
11.053103244882932,45.52201296127794,12.756409645080566,441.4393615722656
11.013103244882933,45.602012961277936,10.993803977966309,789.86724853515625
12.173103244882933,45.682012961277934,14.52513599395752,31.031232833862305
11.773103244882932,45.822012961277935,10.552655220031738,677.7688598632811
11.873103244882932,46.38201296127794,5.628299236297607,1680.3524169921877
12.713103244882932,45.742012961277936,14.271400451660156,1.15149986743927
11.373103244882932,45.56201296127794,14.054335594177246,143.15689086914062
11.693103244882932,45.66201296127794,13.369497299194336,56.22984313964844
11.873103244882932,45.04201296127793,14.662944793701172,1.5767326354980469
11.233103244882932,45.362012961277934,13.410130500793457,22.780305862426758
10.833103244882933,45.52201296127794,14.174821853637695,182.03517150878906
10.853103244882933,45.26201296127793,14.299453735351562,34.3270149230957
11.993103244882933,46.08201296127793,10.798118591308594,476.3289794921875
11.893103244882932,45.20201296127794,14.665406227111816,2.5236454010009766
11.533103244882932,46.002012961277934,4.037395477294922,1815.978515625
11.173103244882933,45.66201296127794,8.23586654663086,1155.9771728515625
11.953103244882932,45.782012961277935,13.929445266723633,107.6295166015625
11.673103244882933,45.22201296127793,14.887985229492188,14.852007865905762
10.853103244882933,45.742012961277936,5.38326358795166,1721.6011962890627
11.753103244882933,45.422012961277936,13.959911346435547,16.86464500427246
11.873103244882932,45.862012961277934,11.072985649108887,542.19903564453125
11.813103244882932,45.52201296127794,13.83668041229248,21.69820213317871
12.113103244882932,46.54201296127793,5.344117641448975,1518.5556640624998
12.313103244882932,46.54201296127793,5.257823944091797,1312.8309326171875
11.673103244882933,45.862012961277934,9.542818069458008,430.2342224121094
11.533103244882932,45.362012961277934,14.47754192352295,15.402120590209963
11.213103244882932,45.30201296127793,14.37103271484375,20.202878952026364
11.173103244882933,45.70201296127794,7.910782337188721,992.7569580078125
11.013103244882933,45.362012961277934,15.011588096618652,41.53976058959961
12.793103244882932,45.66201296127794,13.701676368713379,-0.7646108269691467
11.773103244882932,45.962012961277935,8.318270683288574,451.12060546875
11.693103244882932,45.22201296127793,14.661158561706543,9.475665092468262
12.073103244882933,45.54201296127793,14.174739837646484,14.740482330322266
11.373103244882932,45.602012961277936,13.36701774597168,207.46023559570315
12.113103244882932,46.20201296127794,7.40936279296875,955.38311767578125
12.153103244882931,46.422012961277936,1.432007074356079,2137.49462890625
12.013103244882933,46.26201296127793,7.335568428039551,987.5137939453125
12.573103244882933,45.80201296127793,14.312520027160645,8.611827850341797
12.553103244882932,46.502012961277934,3.6394224166870117,1822.362060546875
11.913103244882933,45.642012961277935,13.831616401672363,35.977691650390625
12.853103244882933,45.70201296127794,13.961255073547363,-2.010019540786743
11.913103244882933,45.462012961277935,14.381717681884766,13.901350975036621
10.713103244882932,45.462012961277935,11.118870735168457,78.37616729736328
12.333103244882933,44.962012961277935,12.896208763122559,-1.5628814697265625
12.153103244882931,45.62201296127793,13.862555503845215,17.890289306640625
12.313103244882932,46.22201296127793,8.671514511108398,698.01373291015625
12.393103244882932,44.90201296127793,13.784180641174316,-3.6899273395538335
12.153103244882931,45.06201296127794,14.51015853881836,-2.897021532058716
12.193103244882932,45.22201296127793,13.111719131469727,-0.21858753263950348
12.233103244882933,45.94201296127793,12.29299545288086,199.71224975585938
12.093103244882933,45.88201296127794,13.267963409423828,140.4606170654297
12.073103244882933,46.56201296127794,-0.20396634936332703,2464.925048828125
12.113103244882932,45.602012961277936,13.92778491973877,18.375768661499023
12.133103244882932,45.06201296127794,14.430647850036621,-3.084294557571411
11.533103244882932,45.76201296127793,12.379645347595215,323.2820434570313
12.253103244882933,45.922012961277936,12.96881103515625,177.30912780761722
10.993103244882931,45.182012961277934,14.58229923248291,20.11790657043457
10.973103244882932,45.52201296127794,12.494913101196289,466.3995666503906
11.773103244882932,45.30201296127793,14.086111068725586,67.037017822265625
11.973103244882932,45.04201296127793,14.417616844177246,0.05163294449448586
11.033103244882932,45.52201296127794,13.131893157958984,287.8421630859375
11.833103244882933,45.04201296127793,14.584094047546387,1.9884788990020754
12.093103244882933,45.30201296127793,13.679044723510742,0.8850955963134766
11.493103244882933,45.02201296127793,14.360881805419922,6.984569072723389
12.973103244882932,45.80201296127793,13.367149353027344,8.770313262939453
11.093103244882933,45.40201296127793,14.326480865478516,39.7869987487793
11.573103244882933,45.12201296127793,13.838546752929688,7.4265828132629395
11.873103244882932,45.06201296127794,14.463857650756836,1.2107759714126587
12.153103244882931,46.26201296127793,4.25739860534668,2077.939208984375
11.393103244882932,45.90201296127793,6.867794990539551,1553.12646484375
12.013103244882933,46.04201296127793,10.708602905273438,274.75872802734375
12.113103244882932,46.58201296127793,4.468047618865967,1483.05029296875
11.253103244882933,45.12201296127793,14.520312309265137,8.5633544921875
12.093103244882933,45.12201296127793,14.213624000549316,-0.2900054156780243
12.093103244882933,46.002012961277934,7.7623820304870605,908.5733642578125
11.893103244882932,45.962012961277935,8.293919563293457,1140.14453125
12.353103244882933,44.922012961277936,14.046347618103027,-3.456445932388306
11.393103244882932,45.94201296127793,5.988936901092529,1483.110595703125
11.433103244882933,45.862012961277934,8.866242408752441,964.92047119140625
11.533103244882932,45.742012961277936,13.310684204101562,183.3981475830078
12.613103244882932,45.602012961277936,13.700522422790527,0.41802898049354553
12.213103244882932,45.20201296127794,12.994650840759277,-0.5224670171737671
11.653103244882931,44.922012961277936,14.55936336517334,4.196346282958984
10.973103244882932,45.58201296127793,11.46462631225586,652.9464111328125
11.553103244882932,45.62201296127793,13.915595054626465,49.00634002685547
11.773103244882932,45.52201296127794,13.779547691345215,24.422834396362305
12.253103244882933,45.602012961277936,13.953047752380371,9.667436599731445
11.713103244882932,45.84201296127794,10.02286148071289,790.318115234375
11.353103244882933,45.04201296127793,14.665369987487793,7.183682441711426
11.753103244882933,45.48201296127793,13.75078296661377,20.934589385986328
11.513103244882933,46.002012961277934,3.7434182167053223,1911.0255126953123
12.373103244882932,46.102012961277936,6.536272048950195,884.73309326171875
11.553103244882932,45.322012961277935,14.436291694641113,14.306840896606445
11.893103244882932,45.48201296127793,14.167362213134766,15.692953109741211
12.213103244882932,46.16201296127794,10.571640014648438,559.29876708984375
11.933103244882933,46.142012961277935,6.3606743812561035,1455.7445068359375
11.533103244882932,45.40201296127793,13.696721076965332,136.30752563476562
11.833103244882933,45.182012961277934,14.333191871643066,2.2933497428894043
11.233103244882932,45.822012961277935,7.68302059173584,1221.27587890625
11.833103244882933,45.12201296127793,14.089519500732422,2.774965763092041
12.013103244882933,44.98201296127793,13.899274826049805,3.1474885940551762
12.453103244882932,46.66201296127794,4.420605659484863,1880.4046630859375
11.753103244882933,45.002012961277934,14.645191192626953,3.2373180389404297
12.253103244882933,45.462012961277935,14.977546691894531,3.2205727100372314
11.913103244882933,46.38201296127794,6.274534702301025,1545.015625
12.853103244882933,45.742012961277936,14.190643310546875,0.5115460157394409
11.393103244882932,45.40201296127793,14.867193222045898,38.60531234741211
11.813103244882932,45.88201296127794,6.941059589385986,1425.55712890625
11.773103244882932,46.08201296127793,8.190336227416992,814.25750732421875
11.813103244882932,45.44201296127793,14.215901374816895,16.290510177612305
11.453103244882932,45.62201296127793,13.217222213745117,93.64522552490234
11.933103244882933,45.822012961277935,12.16353988647461,188.19854736328125
12.293103244882932,45.76201296127793,14.039389610290527,41.31740951538086
12.053103244882932,45.76201296127793,14.515316009521484,97.13256072998045
12.553103244882932,46.58201296127793,6.5935821533203125,1517.9724121093748
10.973103244882932,45.54201296127793,11.993789672851562,568.50640869140625
11.853103244882933,45.142012961277935,14.505043029785156,2.351303815841675
10.873103244882932,45.642012961277935,11.191483497619629,358.77456665039057
11.413103244882933,45.30201296127793,14.960722923278809,18.569448471069336
12.273103244882932,45.62201296127793,14.065499305725098,9.872269630432127
12.013103244882933,45.502012961277934,14.273935317993164,13.24411678314209
12.173103244882933,46.602012961277936,2.4154343605041504,1982.935302734375
11.933103244882933,45.52201296127794,13.991552352905273,18.37874984741211
11.453103244882932,45.322012961277935,14.950201988220215,18.12000274658203
12.193103244882932,45.742012961277936,14.353811264038086,50.1907958984375
11.753103244882933,45.182012961277934,14.914043426513672,4.6072540283203125
12.373103244882932,46.54201296127793,4.907283306121826,1354.7969970703125
11.933103244882933,45.642012961277935,13.867616653442383,34.79141616821289
12.133103244882932,45.22201296127793,13.717061042785645,-0.2174297422170639
12.333103244882933,45.742012961277936,14.059135437011719,28.43182373046875
12.513103244882933,46.602012961277936,5.911423206329346,1485.4494628906248
11.293103244882932,45.782012961277935,7.454388618469238,1028.25439453125
12.413103244882933,45.56201296127794,13.809410095214844,0.0622573234140873
10.673103244882933,45.44201296127793,12.5849609375,77.22252655029297
12.453103244882932,46.102012961277936,6.834312915802002,1191.1217041015625
11.553103244882932,45.182012961277934,14.83741283416748,6.7022504806518555
11.753103244882933,45.26201296127793,13.980246543884277,32.405792236328125
11.873103244882932,46.322012961277935,3.8136837482452393,1820.0772705078125
10.973103244882932,45.422012961277936,15.62106704711914,65.04578399658203
10.693103244882932,45.48201296127793,10.16796588897705,64.5
11.953103244882932,45.962012961277935,8.537955284118652,632.3381347656249
11.573103244882933,45.26201296127793,15.070646286010742,11.28349781036377
12.233103244882933,44.962012961277935,14.321831703186035,-2.8331472873687744
11.633103244882932,45.54201296127793,14.291539192199707,30.31839942932129
12.613103244882932,45.62201296127793,14.09583854675293,-0.6036829948425293
11.993103244882933,45.56201296127794,13.897871971130371,19.980804443359375
11.133103244882932,45.462012961277935,13.946484565734863,124.03730010986328
12.273103244882932,46.20201296127794,8.846964836120605,832.2183837890625
10.833103244882933,45.58201296127793,12.191556930541992,230.34246826171875
12.353103244882933,45.66201296127794,14.348857879638672,9.587763786315918
11.993103244882933,46.52201296127794,2.5671536922454834,2135.272216796875
11.833103244882933,45.94201296127793,7.9409966468811035,682.0340576171875
10.933103244882933,45.282012961277935,14.304852485656738,31.88004493713379
11.933103244882933,45.422012961277936,14.937786102294922,12.348554611206053
12.173103244882933,46.56201296127794,4.855383396148682,1927.9088134765625
11.933103244882933,45.70201296127794,14.104082107543945,53.908668518066406
12.033103244882932,45.922012961277936,10.259176254272461,959.3575439453125
11.693103244882932,45.502012961277934,13.878655433654785,25.503957748413086
12.373103244882932,45.94201296127793,14.090049743652344,73.00481414794922
12.013103244882933,45.66201296127794,13.809220314025879,32.337615966796875
12.073103244882933,46.38201296127794,1.9136297702789307,2048.323974609375
11.813103244882932,45.242012961277936,14.37939167022705,5.753810882568359
11.233103244882932,45.38201296127794,13.996105194091797,22.53001594543457
11.533103244882932,45.102012961277936,14.132132530212402,6.984833240509033
11.353103244882933,45.282012961277935,14.095219612121582,17.67449951171875
12.213103244882932,46.56201296127794,3.5241079330444336,2082.299560546875
11.733103244882933,45.40201296127793,14.066500663757324,16.553546905517578
11.793103244882932,45.862012961277934,7.952630519866943,1467.1932373046875
11.713103244882932,45.962012961277935,9.019006729125977,429.8074035644531
11.953103244882932,45.12201296127793,14.372469902038574,0.0874943882226944
11.513103244882933,45.322012961277935,14.793001174926758,15.584566116333006
11.753103244882933,45.38201296127794,13.919516563415527,17.116506576538086
11.593103244882933,45.12201296127793,13.896114349365234,7.379735469818115
11.433103244882933,45.142012961277935,13.900700569152832,9.538030624389648
12.553103244882932,46.62201296127794,4.227892875671387,1863.6492919921875
12.533103244882932,46.602012961277936,5.898599624633789,1364.74658203125
12.073103244882933,45.182012961277934,14.02110767364502,-0.9821999073028564
12.293103244882932,46.362012961277934,4.292242050170898,1735.339111328125
12.793103244882932,45.70201296127794,14.597583770751953,-2.224048376083374
10.873103244882932,45.52201296127794,14.347023010253906,166.3594512939453
11.253103244882933,45.58201296127793,11.649094581604004,398.2358703613282
12.453103244882932,45.84201296127794,14.120936393737793,18.31496810913086
11.753103244882933,45.08201296127793,14.660625457763672,3.3559975624084473
11.473103244882932,45.462012961277935,13.670913696289062,105.27680206298828
11.873103244882932,45.80201296127793,13.2828369140625,157.30287170410156
11.093103244882933,45.44201296127793,14.131237983703613,115.50176239013672
12.053103244882932,46.08201296127793,11.591846466064453,298.2760314941406
11.693103244882932,45.30201296127793,12.719625473022461,267.9590148925781
10.793103244882932,45.62201296127793,11.280630111694336,829.84075927734375
11.033103244882932,45.38201296127794,15.497640609741211,46.270484924316406
11.813103244882932,45.26201296127793,14.276762962341309,5.707716464996339
11.853103244882933,46.48201296127794,3.382620334625244,2097.736328125
10.833103244882933,45.44201296127793,14.163728713989258,134.19448852539062
11.973103244882932,45.602012961277936,13.830397605895996,26.038482666015625
11.913103244882933,44.98201296127793,13.895218849182129,1.5540224313735962
10.913103244882933,45.66201296127794,10.671334266662598,366.00274658203125
11.933103244882933,45.76201296127793,13.955753326416016,88.47635650634766
12.613103244882932,45.72201296127793,14.218144416809082,3.115860939025879
10.753103244882933,45.44201296127793,13.947035789489746,105.96096801757811
11.993103244882933,46.30201296127794,7.2382659912109375,1095.149658203125
11.853103244882933,45.742012961277936,13.974048614501953,78.15289306640625
11.973103244882932,45.422012961277936,14.678627967834473,10.939567565917969
11.793103244882932,45.52201296127794,13.935521125793457,23.371379852294922
11.073103244882931,45.20201296127794,14.512744903564453,18.983531951904297
12.193103244882932,46.182012961277934,8.88744068145752,831.5885009765625
12.353103244882933,46.502012961277934,1.1499333381652832,2214.7490234375
11.713103244882932,45.682012961277934,13.535909652709961,69.34004211425781
10.693103244882932,45.462012961277935,10.417011260986328,65.04290771484375
12.113103244882932,46.642012961277935,1.718241572380066,2303.214111328125
11.113103244882932,45.322012961277935,14.568269729614258,23.59264373779297
12.973103244882932,45.72201296127793,13.383091926574707,0.6011269092559814
11.973103244882932,45.12201296127793,14.233386039733887,0.9369950294494629
12.013103244882933,45.62201296127793,13.833352088928223,26.191307067871094
12.073103244882933,45.12201296127793,14.098145484924316,0.3182627260684967
12.053103244882932,45.20201296127794,14.174379348754883,0.1427949070930481
10.873103244882932,45.38201296127794,14.608614921569824,64.33086395263672
11.953103244882932,45.70201296127794,14.18799114227295,54.9705924987793
12.393103244882932,45.88201296127794,14.257481575012207,34.063011169433594
11.613103244882932,45.22201296127793,14.651935577392578,10.174205780029297
12.313103244882932,46.20201296127794,8.71523380279541,791.341552734375
12.133103244882932,45.84201296127794,12.201069831848145,129.08908081054688
12.053103244882932,45.922012961277936,10.613222122192383,612.084716796875
12.313103244882932,45.182012961277934,13.3798246383667,0.5095633268356323
11.173103244882933,45.48201296127793,13.786528587341309,228.2198486328125
12.593103244882933,45.80201296127793,13.894574165344238,7.727397441864014
10.993103244882931,45.642012961277935,10.097732543945312,1046.13427734375
12.293103244882932,45.48201296127793,13.754974365234375,1.3486213684082031
11.933103244882933,45.34201296127793,14.400943756103516,6.596990585327149
12.253103244882933,45.04201296127793,14.32308292388916,-2.9996354579925537
11.593103244882933,45.322012961277935,14.665757179260254,12.058138847351074
12.133103244882932,46.30201296127794,3.439901351928711,2022.92041015625
11.773103244882932,46.02201296127794,8.730199813842773,606.96453857421875
12.093103244882933,45.90201296127793,12.620563507080078,246.79159545898438
11.613103244882932,45.20201296127794,14.486806869506836,9.287311553955078
11.393103244882932,45.16201296127793,13.900275230407715,11.322368621826172
12.473103244882932,46.56201296127794,6.402801036834717,1408.1583251953125
12.713103244882932,45.56201296127794,13.45761775970459,-0.7894133925437927
12.153103244882931,45.602012961277936,13.96651840209961,15.855729103088377
11.813103244882932,45.22201296127793,14.316131591796875,4.742763519287109
11.833103244882933,45.70201296127794,14.060489654541016,67.69615173339844
11.493103244882933,45.38201296127794,13.946046829223633,120.99981689453125
11.153103244882931,45.322012961277935,14.280609130859375,23.344926834106445
12.433103244882933,45.822012961277935,13.939029693603516,19.205528259277344
12.193103244882932,45.40201296127793,12.827540397644043,-0.09225484728813171
11.913103244882933,46.02201296127794,11.395467758178711,290.8562927246094
11.293103244882932,45.102012961277936,14.821812629699707,7.535932540893555
12.153103244882931,46.06201296127794,10.201539993286133,465.0924377441406
11.193103244882932,45.56201296127794,10.814123153686523,688.8214111328125
12.493103244882933,45.922012961277936,13.972158432006836,22.614490509033203
11.913103244882933,45.782012961277935,13.834604263305664,103.17713165283203
11.813103244882932,45.58201296127793,13.754462242126465,30.06861686706543
11.713103244882932,45.742012961277936,13.817070007324219,98.30890655517578
12.373103244882932,44.822012961277935,13.353014945983887,-2.6177697181701656
11.053103244882932,45.30201296127793,14.644472122192383,28.649553298950195
12.533103244882932,45.84201296127794,14.138727188110352,10.517712593078613
11.673103244882933,45.30201296127793,13.232772827148438,201.36431884765625
12.213103244882932,46.04201296127793,8.391786575317383,851.8746337890625
11.693103244882932,45.422012961277936,13.967986106872559,19.15772247314453
10.833103244882933,45.80201296127793,8.98284912109375,102.94524383544922
12.173103244882933,46.44201296127794,4.534395694732666,1444.5184326171875
11.593103244882933,45.142012961277935,14.514066696166992,5.3177194595336905
11.593103244882933,45.16201296127793,14.970236778259277,5.233087539672852
12.073103244882933,45.80201296127793,12.528135299682617,272.1348571777344
10.993103244882931,45.56201296127794,11.953591346740723,453.3545837402344
12.473103244882932,46.102012961277936,6.210736274719238,1449.2221679687502
12.013103244882933,46.54201296127793,0.6139377951622009,2476.990234375
11.353103244882933,45.06201296127794,14.804792404174805,6.663949489593506
12.653103244882931,45.602012961277936,13.482626914978027,-0.7081266045570374
11.413103244882933,45.822012961277935,7.846868515014648,1176.555419921875
11.573103244882933,45.08201296127793,14.27979850769043,6.116443157196045
12.393103244882932,46.62201296127794,-0.003943242598325014,2485.909423828125
11.673103244882933,45.34201296127793,12.941484451293945,162.54042053222656
12.273103244882932,45.02201296127793,14.02566909790039,-3.9509940147399902
11.293103244882932,45.80201296127793,9.014043807983398,623.83575439453125
11.473103244882932,45.962012961277935,4.647244453430176,1910.6094970703125
11.653103244882931,45.48201296127793,13.859044075012207,25.501934051513672
12.293103244882932,45.502012961277934,14.076179504394531,2.088930368423462
10.853103244882933,45.40201296127793,14.505025863647461,87.06044006347656
12.173103244882933,45.08201296127793,14.280153274536133,-3.002567768096924
12.613103244882932,45.502012961277934,12.458464622497559,0.7936875224113465
11.613103244882932,45.242012961277936,14.986120223999023,9.02822494506836
12.053103244882932,45.66201296127794,13.90188980102539,30.668809890747067
12.853103244882933,45.642012961277935,13.419154167175293,-1.4468400478363037
12.413103244882933,46.48201296127794,6.717924118041992,1297.98388671875
12.513103244882933,45.462012961277935,12.524027824401855,0.8407641649246217
11.873103244882932,45.602012961277936,13.783087730407715,30.9983081817627
11.733103244882933,45.08201296127793,14.578554153442383,3.346541404724121
12.393103244882932,46.182012961277934,9.273701667785645,880.47784423828125
10.653103244882931,45.52201296127794,10.114782333374023,64.5
11.913103244882933,45.88201296127794,10.507140159606934,569.38616943359375
11.633103244882932,45.22201296127793,14.758190155029297,10.270116806030273
11.473103244882932,45.58201296127793,13.544508934020996,91.07526397705078
12.153103244882931,45.94201296127793,11.70751667022705,242.5542449951172
11.913103244882933,45.04201296127793,14.54380989074707,0.5427757501602173
12.093103244882933,46.04201296127793,9.922173500061035,455.8392639160156
12.233103244882933,45.422012961277936,12.844903945922852,0.9784263968467712
12.273103244882932,45.502012961277934,14.378458023071289,3.674810171127319
12.173103244882933,45.44201296127793,13.928425788879395,2.4881064891815186
11.613103244882932,45.002012961277934,14.453181266784668,4.581584453582764
11.313103244882932,45.642012961277935,12.421693801879883,362.2701416015625
11.973103244882932,45.80201296127793,13.122846603393555,153.43646240234375
12.413103244882933,46.362012961277934,3.564152956008911,1974.884765625
11.873103244882932,44.98201296127793,13.747554779052734,2.0494236946105957
12.253103244882933,46.602012961277936,3.1242148876190186,1911.1390380859375
11.653103244882931,45.422012961277936,13.955109596252441,19.505821228027344
12.213103244882932,46.462012961277935,7.50521183013916,1150.0750732421875
10.813103244882932,45.80201296127793,9.531364440917969,65.14867401123047
11.413103244882933,45.58201296127793,13.313135147094727,135.6553497314453
11.953103244882932,46.04201296127793,10.922222137451172,339.74169921875006
11.553103244882932,45.002012961277934,14.549079895019531,5.403343677520752
11.593103244882933,45.88201296127794,7.914181232452393,1054.40283203125
12.573103244882933,45.48201296127793,11.940702438354492,0.7380561232566833
12.213103244882932,46.08201296127793,9.138310432434082,677.64569091796875
12.073103244882933,45.66201296127794,14.008533477783203,29.68586921691894
11.573103244882933,45.38201296127794,14.18257999420166,17.497196197509766
11.833103244882933,46.002012961277934,9.815744400024414,410.0022277832031
11.253103244882933,45.102012961277936,14.908644676208496,8.022174835205078
11.893103244882932,46.08201296127793,8.47226619720459,909.70587158203125
11.693103244882932,45.38201296127794,13.724573135375977,19.6917781829834
11.533103244882932,45.90201296127793,8.408049583435059,1220.3626708984375
12.033103244882932,46.52201296127794,1.999091386795044,2175.75927734375
11.213103244882932,45.08201296127793,14.327858924865723,9.1458587646484375
12.433103244882933,46.16201296127794,8.302170753479004,1096.002197265625
11.753103244882933,46.002012961277934,9.000960350036621,883.29510498046875
12.053103244882932,45.52201296127794,14.143315315246582,13.346268653869629
12.233103244882933,45.44201296127793,14.410761833190918,2.351100444793701
11.013103244882933,45.282012961277935,14.464611053466797,28.82333755493164
11.113103244882932,45.682012961277934,7.3652215003967285,1446.5352783203125
12.313103244882932,46.30201296127794,7.354837417602539,872.8254394531249
12.673103244882933,45.66201296127794,14.380946159362793,-2.0152251720428467
11.633103244882932,45.70201296127794,14.299413681030273,75.65331268310547
11.653103244882931,45.782012961277935,11.93504524230957,504.82818603515625
12.693103244882932,45.66201296127794,14.251413345336914,-0.7658087611198425
12.333103244882933,45.642012961277935,14.083979606628418,8.095845222473145
11.453103244882932,44.94201296127793,13.468893051147461,7.931225776672364
11.773103244882932,45.02201296127793,14.930203437805176,2.434537172317505
11.853103244882933,46.422012961277936,-0.1924363374710083,2614.41357421875
12.333103244882933,45.94201296127793,14.042520523071289,98.74229431152344
11.993103244882933,45.282012961277935,14.171399116516113,4.1943464279174805
11.353103244882933,45.76201296127793,10.092026710510254,751.38299560546875
12.873103244882932,45.782012961277935,14.091653823852539,4.214868068695068
10.733103244882932,45.52201296127794,11.273792266845703,90.85877990722656
11.693103244882932,46.02201296127794,7.442033290863037,1004.3070678710938
10.933103244882933,45.66201296127794,9.633466720581055,858.94622802734375
12.093103244882933,46.282012961277935,6.762304782867432,1189.2598876953125
12.693103244882932,45.682012961277934,14.205278396606445,0.2717859447002411
12.133103244882932,46.362012961277934,6.200381278991699,1299.001953125
11.593103244882933,45.70201296127794,14.295369148254395,96.80815124511719
11.713103244882932,45.56201296127794,13.569937705993652,30.748319625854496
11.933103244882933,46.48201296127794,4.829719066619873,1592.4957275390625
12.093103244882933,45.84201296127794,12.48692512512207,124.0489273071289
10.893103244882932,45.54201296127793,13.616641998291016,263.5423278808594
12.373103244882932,44.962012961277935,13.084871292114258,-2.34584903717041
11.413103244882933,45.682012961277934,13.802397727966309,136.4007568359375
11.673103244882933,45.62201296127793,13.620752334594727,46.65412902832031
11.953103244882932,46.242012961277936,4.912188529968262,1708.6723632812502
12.393103244882932,46.04201296127793,7.1149492263793945,1205.06494140625
11.953103244882932,46.142012961277935,6.928951740264893,1070.637451171875
12.153103244882931,45.502012961277934,14.114806175231934,7.0417962074279785
11.973103244882932,46.22201296127793,7.200130462646484,1169.9532470703125
11.133103244882932,45.20201296127794,14.439239501953125,18.287281036376953
11.393103244882932,45.38201296127794,15.224535942077637,36.08747863769531
11.573103244882933,45.782012961277935,10.683945655822754,680.46588134765625
12.653103244882931,46.58201296127793,5.1824541091918945,1626.0943603515627
12.173103244882933,45.70201296127794,14.199911117553711,38.450992584228516
10.753103244882933,45.642012961277935,9.780205726623535,776.98858642578125
11.713103244882932,45.04201296127793,14.667167663574219,2.733267068862915
12.273103244882932,46.54201296127793,5.389977931976318,1468.7576904296875
11.053103244882932,45.142012961277935,14.714428901672363,14.98528003692627
11.473103244882932,45.102012961277936,13.962889671325684,10.610939979553223
12.113103244882932,46.26201296127793,6.339096546173096,1443.7027587890625
12.593103244882933,45.642012961277935,14.441001892089844,1.0044628381729126
11.673103244882933,45.462012961277935,13.834695816040039,25.199125289916992
12.133103244882932,46.322012961277935,3.1927788257598877,1686.022705078125
11.673103244882933,44.98201296127793,14.793386459350586,3.090827703475952
11.573103244882933,45.322012961277935,14.395517349243164,12.901119232177734
11.373103244882932,45.80201296127793,11.005358695983887,375.6051330566406
11.533103244882932,45.30201296127793,14.98789119720459,14.326363563537598
11.873103244882932,45.44201296127793,14.427767753601074,14.342450141906738
11.473103244882932,45.242012961277936,15.182669639587402,13.74764347076416
11.913103244882933,46.002012961277934,8.927240371704102,425.30419921875
12.093103244882933,45.182012961277934,14.048340797424316,-1.361344814300537
12.113103244882932,46.06201296127794,10.49039077758789,382.49127197265625
11.653103244882931,45.462012961277935,13.80788516998291,23.828313827514652
11.213103244882932,45.502012961277934,12.669083595275879,436.2017822265625
11.493103244882933,45.742012961277936,13.013117790222168,289.3106689453125
11.493103244882933,45.102012961277936,14.256265640258789,10.711233139038086
12.213103244882932,44.962012961277935,14.584997177124023,-1.86640465259552
12.353103244882933,46.62201296127794,0.8680288195610046,2336.743408203125
12.013103244882933,45.70201296127794,14.269333839416504,54.66170120239258
12.233103244882933,45.962012961277935,11.997371673583984,252.14297485351562
11.873103244882932,46.30201296127794,2.4036011695861816,1865.2373046875
11.473103244882932,45.90201296127793,7.495939254760742,1256.2669677734375
12.473103244882932,46.58201296127793,5.008316993713379,1530.5626220703125
11.873103244882932,45.002012961277934,14.730836868286133,0.7745688557624817
12.193103244882932,46.34201296127794,6.461769104003906,1041.6343994140625
11.953103244882932,46.182012961277934,4.613360404968262,1359.6319580078125
11.873103244882932,45.94201296127793,8.02768611907959,838.07659912109375
10.953103244882932,45.502012961277934,13.648725509643555,212.04344177246097
11.393103244882932,45.002012961277934,14.520427703857422,7.141415119171143
11.633103244882932,45.502012961277934,14.025360107421875,26.7249755859375
10.853103244882933,45.38201296127794,14.506034851074219,67.005279541015625
12.353103244882933,46.142012961277935,10.000770568847656,475.04980468750006
10.673103244882933,45.502012961277934,10.147683143615723,64.5
11.593103244882933,45.422012961277936,14.16553020477295,20.131359100341793
12.333103244882933,45.922012961277936,13.829607009887695,88.22809600830078
12.293103244882932,46.12201296127793,8.377758026123047,810.90496826171875
12.753103244882933,45.58201296127793,13.417288780212402,-1.538835883140564
11.553103244882932,45.862012961277934,8.306453704833984,1114.44970703125
12.033103244882932,45.12201296127793,14.058639526367188,-0.40090644359588623
10.833103244882933,45.30201296127793,14.684844017028809,42.84528350830078
12.293103244882932,46.502012961277934,0.9260227680206299,2234.770751953125
11.873103244882932,45.90201296127793,8.248648643493652,818.17950439453125
11.833103244882933,46.04201296127793,7.380862712860107,1149.841064453125
12.353103244882933,45.56201296127794,14.027140617370605,1.4599915742874146
10.873103244882932,45.70201296127794,8.315673828125,1188.208984375
11.473103244882932,45.98201296127794,3.5753579139709473,2059.7568359375
12.293103244882932,46.30201296127794,6.6207122802734375,1269.2279052734375
12.153103244882931,45.52201296127794,14.137700080871582,8.861501693725586
12.233103244882933,45.102012961277936,14.119994163513184,-2.3126814365386963
12.053103244882932,45.742012961277936,14.254504203796387,80.25753021240234
12.513103244882933,45.90201296127793,14.046613693237305,16.09361457824707
12.033103244882932,45.08201296127793,14.325206756591797,-0.8492485880851746
11.633103244882932,45.422012961277936,14.101027488708496,19.078231811523438
12.913103244882933,45.72201296127793,13.878582000732422,-1.4364432096481323
11.773103244882932,45.90201296127793,6.884851932525635,1245.459716796875
12.353103244882933,46.40201296127793,7.5224432945251465,800.2476806640624
10.713103244882932,45.602012961277936,11.432750701904297,336.7283630371094
11.493103244882933,45.682012961277934,14.921464920043945,106.14189910888672
12.173103244882933,45.88201296127794,14.112388610839844,130.8057098388672
12.233103244882933,46.16201296127794,11.216761589050293,458.846435546875
11.853103244882933,46.362012961277934,5.061863422393799,1574.1420898437502
11.293103244882932,45.04201296127793,13.861196517944336,8.396533012390137
11.513103244882933,45.62201296127793,13.937767028808594,54.45982360839844
12.273103244882932,45.48201296127793,14.263188362121582,2.6694018840789795
12.233103244882933,46.12201296127793,10.77993106842041,422.169921875
12.313103244882932,46.002012961277934,12.308526992797852,336.83740234375
11.333103244882933,45.142012961277935,14.16456127166748,10.377897262573242
11.953103244882932,45.84201296127794,11.90179443359375,210.40200805664062
11.093103244882933,45.322012961277935,14.826224327087402,27.377574920654293
11.413103244882933,45.06201296127794,14.367303848266602,7.48991346359253
11.913103244882933,46.44201296127794,3.580549955368042,1897.43310546875
12.293103244882932,45.20201296127794,12.768293380737305,2.660682439804077
11.873103244882932,45.76201296127793,13.853504180908203,82.22905731201172
12.213103244882932,45.242012961277936,12.31147575378418,-0.1709665656089783
11.733103244882933,44.962012961277935,14.655972480773926,3.3682463169097896
11.333103244882933,45.642012961277935,11.673722267150879,584.99761962890625
12.213103244882932,45.08201296127793,14.248108863830566,-3.3370161056518555
10.993103244882931,45.38201296127794,15.330330848693848,50.141807556152344
12.073103244882933,45.56201296127794,14.082488059997559,16.452932357788086
11.733103244882933,45.70201296127794,13.862069129943848,82.65071105957031
12.253103244882933,46.002012961277934,10.554485321044922,486.6903686523438
11.893103244882932,45.282012961277935,14.514945030212402,3.3538951873779297
12.793103244882932,45.602012961277936,13.420648574829102,-2.0148932933807373
11.453103244882932,45.58201296127793,13.186949729919434,157.7879791259766
12.453103244882932,45.88201296127794,13.937615394592285,23.700416564941406
11.733103244882933,45.84201296127794,9.245621681213379,1052.0291748046875
12.113103244882932,46.08201296127793,10.801176071166992,314.5912170410156
11.953103244882932,46.282012961277935,3.8430328369140625,1618.2884521484375
12.393103244882932,46.502012961277934,3.79034686088562,1799.396728515625
10.733103244882932,45.66201296127794,9.457786560058594,221.88880920410156
11.253103244882933,45.642012961277935,10.03685188293457,687.62939453125
11.073103244882931,45.22201296127793,14.319580078125,21.337953567504886
11.813103244882932,45.602012961277936,13.78282642364502,34.0046501159668
12.073103244882933,45.34201296127793,14.032037734985352,2.4214744567871094
12.013103244882933,45.002012961277934,14.266111373901367,0.4078768193721772
10.773103244882932,45.742012961277936,9.342244148254395,65.14073944091797
11.833103244882933,45.66201296127794,14.417586326599121,49.851707458496094
11.573103244882933,45.182012961277934,14.683930397033691,7.467717170715332
12.153103244882931,45.40201296127793,13.500279426574707,1.171539545059204
12.213103244882932,45.70201296127794,14.343391418457031,29.39681053161621
11.933103244882933,45.22201296127793,14.386578559875488,1.5981369018554688
11.913103244882933,45.102012961277936,14.60028076171875,-0.7772544026374817
11.113103244882932,45.56201296127794,11.392695426940918,750.43310546875
11.473103244882932,45.48201296127793,12.977960586547852,207.28565979003906
12.253103244882933,46.12201296127793,10.201386451721191,497.4706115722656
10.913103244882933,45.362012961277934,14.301084518432617,50.477718353271484
12.293103244882932,44.962012961277935,13.29395580291748,-2.7680552005767822
12.173103244882933,46.182012961277934,8.286662101745605,1003.0983886718749
11.933103244882933,45.462012961277935,14.203116416931152,11.816463470458984
11.333103244882933,45.742012961277936,10.484894752502441,649.64208984375
11.113103244882932,45.66201296127794,8.546051025390625,1222.11767578125
10.973103244882932,45.502012961277934,12.835235595703125,361.8102111816406
11.713103244882932,45.242012961277936,14.589333534240723,20.980693817138672
11.033103244882932,45.56201296127794,12.219734191894531,615.42266845703125
11.413103244882933,45.742012961277936,12.876577377319336,364.86389160156244
11.353103244882933,45.642012961277935,10.996001243591309,576.17877197265625
12.353103244882933,45.782012961277935,13.452726364135742,33.50698471069336
11.573103244882933,45.862012961277934,7.83320951461792,1201.91748046875
12.133103244882932,45.62201296127793,13.829837799072266,19.40830421447754
12.253103244882933,45.52201296127794,13.971261978149414,4.545538902282715
11.593103244882933,44.90201296127793,14.056234359741211,7.400147914886475
12.353103244882933,44.88201296127794,13.911748886108398,-3.3890013694763184
12.693103244882932,46.642012961277935,4.234120845794678,1993.90234375
11.373103244882932,45.12201296127793,14.327435493469238,9.175047874450684
12.273103244882932,45.56201296127794,13.928561210632324,5.922035217285156
11.333103244882933,45.84201296127794,8.904814720153809,872.59002685546875
11.413103244882933,45.88201296127794,7.6901631355285645,1451.6488037109375
12.133103244882932,46.22201296127793,7.496947765350342,957.73992919921875
11.553103244882932,45.72201296127793,13.457359313964844,163.1656951904297
11.293103244882932,45.90201296127793,7.510075569152832,945.85528564453125
11.993103244882933,46.12201296127793,7.253048419952393,1430.907470703125
10.813103244882932,45.72201296127793,7.326117515563965,1037.28759765625
12.093103244882933,45.98201296127794,7.681549549102783,1056.6146240234375
11.613103244882932,44.962012961277935,14.792197227478027,5.988506317138673
12.693103244882932,45.56201296127794,13.636429786682129,-0.3763105869293213
12.253103244882933,46.242012961277936,6.437383651733398,1283.2261962890625
11.773103244882932,45.76201296127793,14.64760684967041,120.17155456542969
12.253103244882933,46.422012961277936,7.297618389129639,1169.4188232421875
11.393103244882932,45.22201296127793,14.14138126373291,14.305571556091309
11.453103244882932,45.44201296127793,14.131226539611816,67.435882568359375
11.573103244882933,46.002012961277934,5.243197917938232,1458.785888671875
12.273103244882932,46.602012961277936,2.9046621322631836,1935.1046142578125
10.913103244882933,45.44201296127793,14.881073951721191,88.85591125488283
12.353103244882933,44.84201296127793,13.479575157165527,-2.5871009826660156
12.493103244882933,46.62201296127794,5.058252811431885,1714.489990234375
11.833103244882933,45.20201296127794,14.413379669189453,4.092307090759277
12.193103244882932,45.02201296127793,13.883066177368164,-1.093084692955017
12.593103244882933,45.72201296127793,14.164552688598633,3.9245402812957764
11.153103244882931,45.44201296127793,14.381515502929688,88.33192443847656
13.033103244882932,45.66201296127794,12.416486740112305,-1.247527837753296
11.893103244882932,45.98201296127794,7.388484477996826,964.1194458007811
11.233103244882932,45.06201296127794,13.587491035461426,10.363027572631836
12.253103244882933,45.822012961277935,13.835074424743652,67.31563568115234
12.073103244882933,46.48201296127794,2.402043581008911,2129.541748046875
10.833103244882933,45.38201296127794,14.359856605529785,82.315185546875
11.433103244882933,45.34201296127793,15.061423301696777,23.61240005493164
11.353103244882933,45.20201296127794,14.139322280883789,12.314461708068848
11.593103244882933,45.06201296127794,14.585249900817871,4.421104907989502
12.413103244882933,45.682012961277934,14.406662940979004,8.664920806884766
11.773103244882932,45.62201296127793,13.708296775817871,40.06735610961913
11.233103244882932,45.62201296127793,10.84359359741211,523.4520263671875
12.233103244882933,46.30201296127794,7.019647121429443,934.98876953125
11.373103244882932,45.002012961277934,14.405887603759766,7.889093399047852
11.153103244882931,45.282012961277935,14.486061096191406,24.863037109375
12.073103244882933,45.642012961277935,13.701546669006348,24.40406990051269
10.873103244882932,45.322012961277935,14.336838722229004,39.914222717285156
12.913103244882933,45.70201296127794,13.336858749389648,-0.8694121837615967
12.733103244882933,45.62201296127793,13.699041366577148,-2.1994264125823975
11.193103244882932,45.682012961277934,7.614051342010498,1098.8258056640625
12.213103244882932,45.182012961277934,13.894952774047852,-2.0273358821868896
11.413103244882933,45.182012961277934,14.268595695495605,10.168627738952637
10.773103244882932,45.54201296127793,13.385152816772461,214.84588623046875
11.713103244882932,45.80201296127793,11.111729621887207,263.446044921875
12.933103244882933,45.782012961277935,13.746908187866211,3.494198799133301
12.393103244882932,46.40201296127793,5.801085948944092,1210.208740234375
11.733103244882933,46.02201296127794,8.032920837402344,769.64093017578125
12.453103244882932,45.80201296127793,13.756424903869629,15.193107604980469
12.313103244882932,46.02201296127794,10.495256423950195,498.4206848144531
12.233103244882933,45.16201296127793,14.181195259094238,-2.7278554439544678
11.033103244882932,45.34201296127793,15.138687133789062,35.422550201416016
11.733103244882933,45.462012961277935,13.8731107711792,18.963502883911133
11.413103244882933,45.54201296127793,13.544696807861328,141.44766235351562
12.873103244882932,45.76201296127793,14.114048957824707,1.8731979131698608
12.193103244882932,46.02201296127794,8.09943675994873,912.7967529296875
10.953103244882932,45.362012961277934,15.26330280303955,46.45021438598633
11.693103244882932,46.04201296127793,7.722732067108154,883.88946533203125
11.553103244882932,44.94201296127793,13.757674217224121,6.241209506988525
12.853103244882933,45.782012961277935,14.194417953491211,3.878562211990356
11.873103244882932,46.02201296127794,10.807721138000488,348.1083679199219
12.553103244882932,45.602012961277936,14.289480209350586,-0.38342970609664917
11.313103244882932,45.282012961277935,14.22115421295166,19.713150024414062
11.513103244882933,44.962012961277935,14.448453903198242,5.804306983947754
12.113103244882932,45.40201296127793,14.051651000976562,2.2704412937164307
12.453103244882932,46.40201296127793,3.8114304542541504,1611.267333984375
12.033103244882932,46.44201296127794,6.169362545013428,1452.8955078125
11.493103244882933,45.66201296127794,14.115442276000977,83.88399505615234
10.893103244882932,45.30201296127793,14.170160293579102,36.7294807434082
11.813103244882932,45.62201296127793,13.820911407470703,38.229248046875
12.033103244882932,46.002012961277934,8.149704933166504,748.200439453125
11.393103244882932,45.54201296127793,13.886702537536621,167.4263153076172
11.633103244882932,45.12201296127793,14.155664443969727,6.008106708526612
11.593103244882933,45.38201296127794,14.103759765625,20.76740074157715
10.793103244882932,45.48201296127793,13.619961738586426,153.3933868408203
10.793103244882932,45.362012961277934,14.259809494018555,79.873779296875
11.293103244882932,45.602012961277936,10.587261199951172,611.296630859375
12.593103244882933,45.502012961277934,11.93087387084961,0.08243029564619064
11.633103244882932,45.142012961277935,14.701732635498047,5.880297660827636
11.973103244882932,45.02201296127793,14.557408332824707,-0.8534479737281799
11.693103244882932,45.362012961277934,13.0457124710083,54.68315887451172
12.293103244882932,46.54201296127793,5.467098712921143,1444.703369140625
11.853103244882933,45.62201296127793,13.885298728942871,35.77936935424805
11.493103244882933,45.602012961277936,14.150060653686523,52.46371841430664
12.113103244882932,45.90201296127793,12.708346366882324,203.51541137695312
11.433103244882933,45.782012961277935,11.809309959411621,406.4308776855469
12.053103244882932,45.02201296127793,14.406947135925293,-0.8150278925895692
12.133103244882932,45.822012961277935,11.690727233886719,227.31491088867188
11.233103244882932,45.502012961277934,12.951033592224121,295.239501953125
12.153103244882931,46.282012961277935,3.2364437580108643,1964.258056640625
11.813103244882932,45.94201296127793,7.667656421661377,916.74102783203125
11.473103244882932,45.182012961277934,14.598612785339355,9.140663146972656
11.413103244882933,45.40201296127793,14.157981872558594,110.53206634521484
11.433103244882933,45.16201296127793,14.248443603515625,9.334392547607422
11.333103244882933,45.70201296127794,11.453383445739746,311.6036376953125
11.913103244882933,45.682012961277934,14.281465530395508,46.7711296081543
12.953103244882932,45.822012961277935,13.784687042236328,7.869654655456544
12.173103244882933,45.422012961277936,13.569737434387207,1.263962984085083
11.693103244882932,45.72201296127793,13.916152000427246,84.47676849365233
12.613103244882932,46.62201296127794,5.076866149902344,1530.3861083984377
11.353103244882933,45.88201296127794,9.123747825622559,596.41168212890625
12.233103244882933,45.08201296127793,14.313401222229004,-1.1132663488388062
11.033103244882932,45.58201296127793,11.862826347351074,691.31787109375
11.393103244882932,45.02201296127793,14.6328706741333,7.162627696990967
11.313103244882932,45.462012961277935,14.504253387451172,68.63777923583984
12.293103244882932,45.88201296127794,14.35330867767334,73.54773712158203
12.393103244882932,44.88201296127794,13.67400074005127,-2.469672203063965
12.093103244882933,45.94201296127793,11.008085250854492,369.7481384277344
12.313103244882932,45.602012961277936,14.103809356689453,6.031010627746582
12.353103244882933,45.862012961277934,14.087944030761719,38.182044982910156
11.613103244882932,45.782012961277935,11.023083686828613,631.6478271484375
10.833103244882933,45.682012961277934,7.900151252746582,1476.2010498046875
11.293103244882932,45.822012961277935,9.613666534423828,658.87188720703125
12.553103244882932,45.782012961277935,14.177640914916992,8.294794082641602
11.353103244882933,45.40201296127793,14.916921615600586,29.013418197631836
11.793103244882932,45.12201296127793,14.355772972106934,3.4523661136627197
12.213103244882932,46.52201296127794,0.7922797799110413,2291.3203125
12.033103244882932,45.88201296127794,12.939387321472168,188.5613555908203
13.033103244882932,45.72201296127793,13.205998420715332,2.223245620727539
11.073103244882931,45.142012961277935,14.616567611694336,14.521655082702637
13.033103244882932,45.682012961277934,13.125646591186523,-0.7024496793746948
11.313103244882932,45.362012961277934,14.675049781799316,26.90819549560547
11.933103244882933,46.34201296127794,4.432258129119873,1722.0484619140625
12.393103244882932,44.922012961277936,13.994881629943848,-3.416881561279297
11.413103244882933,45.322012961277935,15.053428649902344,19.537527084350586
12.253103244882933,45.16201296127793,13.871777534484863,-1.8042601346969604
11.493103244882933,45.44201296127793,12.255491256713867,279.0870666503906
11.813103244882932,45.862012961277934,8.487995147705078,1281.5894775390625
12.533103244882932,46.62201296127794,4.874134063720703,1529.6512451171873
11.573103244882933,45.84201296127794,7.2214789390563965,1214.441650390625
12.953103244882932,45.642012961277935,12.113546371459961,-0.8801690936088562
12.373103244882932,45.56201296127794,13.927757263183594,0.873493492603302
11.993103244882933,46.48201296127794,5.775653839111328,1703.7886962890625
11.313103244882932,45.142012961277935,14.130194664001465,10.200494766235352
11.713103244882932,45.06201296127794,14.64647102355957,3.249227523803711
12.093103244882933,46.30201296127794,6.7409820556640625,1407.1173095703123
11.573103244882933,45.56201296127794,14.48258113861084,37.29177474975586
11.633103244882932,45.002012961277934,14.488417625427246,4.181018352508545
11.713103244882932,45.76201296127793,13.782360076904297,122.97791290283202
11.573103244882933,45.602012961277936,14.069830894470215,42.69261932373047
12.793103244882932,45.742012961277936,14.381490707397461,0.3912747800350189
11.773103244882932,45.38201296127794,14.2470121383667,14.548715591430664
11.993103244882933,45.20201296127794,14.290945053100586,0.13996492326259613
11.613103244882932,45.142012961277935,14.697595596313477,5.757050514221191
12.573103244882933,45.642012961277935,14.458057403564453,1.8349454402923584
10.853103244882933,45.66201296127794,9.891922950744629,921.710693359375
11.733103244882933,45.182012961277934,14.773885726928711,5.015868663787842
11.473103244882932,45.22201296127793,14.558290481567383,13.156538963317871
11.813103244882932,45.922012961277936,7.199009895324707,989.9837036132814
12.973103244882932,45.66201296127794,12.729229927062988,-0.6954182386398315
12.253103244882933,46.182012961277934,10.262794494628906,932.74847412109375
12.633103244882932,45.80201296127793,13.766561508178711,6.620489597320557
12.193103244882932,44.94201296127793,14.518561363220215,-2.2171778678894043
12.293103244882932,45.822012961277935,13.569840431213379,54.738521575927734
12.213103244882932,46.322012961277935,5.923342704772949,1301.35498046875
11.293103244882932,45.742012961277936,10.273931503295898,736.35430908203125
11.993103244882933,45.12201296127793,14.130462646484375,1.316996693611145
11.873103244882932,46.40201296127793,2.697331666946411,2217.147216796875
12.413103244882933,45.80201296127793,13.966893196105957,21.940881729125977
11.373103244882932,45.20201296127794,14.229405403137207,12.892032623291016
12.313103244882932,45.90201296127793,14.145739555358887,76.31461334228516
12.573103244882933,46.48201296127794,3.670877695083618,1812.7796630859375
12.093103244882933,45.56201296127794,14.028412818908691,15.181662559509277
12.033103244882932,45.422012961277936,14.190484046936035,6.84072208404541
10.993103244882931,45.362012961277934,15.010821342468262,43.219486236572266
11.613103244882932,45.30201296127793,14.474675178527832,36.55672836303711
11.553103244882932,45.682012961277934,14.281373977661133,95.3331298828125
12.353103244882933,45.922012961277936,13.98660659790039,69.348236083984375
11.233103244882932,45.782012961277935,8.18124771118164,1042.6612548828125
11.133103244882932,45.66201296127794,8.376935958862305,1184.6883544921875
12.373103244882932,46.04201296127793,6.9594831466674805,1305.3472900390625
12.093103244882933,45.922012961277936,11.55094051361084,290.47467041015625
11.493103244882933,44.962012961277935,14.476001739501953,5.384401321411134
11.653103244882931,45.52201296127794,14.087279319763184,27.938018798828125
12.253103244882933,45.02201296127793,14.183815002441406,-3.5064945220947266
12.213103244882932,46.002012961277934,9.517488479614258,930.03564453125
12.293103244882932,46.422012961277936,7.051002502441406,1304.65234375
11.533103244882932,45.66201296127794,14.205276489257812,76.13670349121094
12.033103244882932,46.142012961277935,6.861673355102539,1269.71630859375
12.113103244882932,45.70201296127794,14.48021125793457,51.99529266357422
11.453103244882932,45.782012961277935,12.433185577392578,607.5926513671875
12.353103244882933,45.642012961277935,14.2871732711792,8.034405708312988
11.753103244882933,45.922012961277936,8.12592601776123,801.05645751953125
12.273103244882932,46.362012961277934,3.734245777130127,1680.9539794921875
12.193103244882932,46.06201296127794,9.32429313659668,607.83428955078125
12.053103244882932,45.06201296127794,14.669699668884277,0.23190084099769592
12.313103244882932,44.88201296127794,14.252257347106934,-3.1966698169708256
11.713103244882932,45.02201296127793,14.878840446472168,2.8921265602111816
12.153103244882931,46.20201296127794,6.651573181152344,1304.6011962890625
12.833103244882933,45.70201296127794,14.277412414550781,-2.3331124782562256
11.773103244882932,45.44201296127793,14.273894309997559,18.022369384765625
12.473103244882932,46.52201296127794,6.838816165924072,963.511962890625
11.313103244882932,45.70201296127794,10.357609748840332,416.0306396484375
12.733103244882933,45.66201296127794,13.971339225769043,-1.4922761917114256
12.333103244882933,45.52201296127794,13.827302932739258,-0.34341439604759216
11.553103244882932,45.44201296127793,11.870743751525879,312.9476318359375
12.113103244882932,46.02201296127794,8.480841636657715,684.00347900390625
12.033103244882932,45.002012961277934,14.2026948928833,0.26805397868156433
11.313103244882932,45.502012961277934,12.67164134979248,350.2958068847656
12.133103244882932,46.16201296127794,9.960434913635254,573.194580078125
11.873103244882932,45.822012961277935,12.978269577026367,220.33155822753906
11.593103244882933,45.80201296127793,9.52259635925293,830.47015380859375
11.533103244882932,45.48201296127793,13.150996208190918,81.6455307006836
12.673103244882933,45.682012961277934,14.325737953186035,-0.020037811249494553
11.153103244882931,45.182012961277934,14.790886878967285,16.237995147705078
11.853103244882933,45.962012961277935,8.188338279724121,770.1289062500001
11.833103244882933,46.282012961277935,0.9665110111236572,2607.07275390625
10.913103244882933,45.282012961277935,14.3241548538208,32.661678314208984
12.213103244882932,45.94201296127793,11.74167537689209,274.50750732421875
12.673103244882933,45.72201296127793,14.214580535888672,3.0948207378387456
12.613103244882932,46.52201296127794,3.8164942264556885,1717.137939453125
12.093103244882933,45.20201296127794,14.008861541748047,-0.01681525819003582
10.973103244882932,45.642012961277935,10.24000072479248,955.1350097656249
11.993103244882933,46.22201296127793,7.415276527404785,999.4072265625
12.333103244882933,46.22201296127793,7.619792938232422,1025.81005859375
11.533103244882932,44.962012961277935,14.414904594421387,5.705581188201904
12.333103244882933,46.56201296127794,5.330163955688477,1465.2712402343752
11.933103244882933,45.62201296127793,13.887641906738281,30.83766555786133
11.613103244882932,45.52201296127794,14.457369804382324,29.449954986572266
12.673103244882933,45.56201296127794,13.737483978271484,-0.4743519127368927
11.373103244882932,45.102012961277936,14.440021514892578,7.843356609344482
11.753103244882933,45.22201296127793,14.899109840393066,7.745125770568848
11.813103244882932,45.54201296127793,13.765069007873535,23.916795730590817
11.153103244882931,45.462012961277935,14.047558784484863,172.91255187988278
11.533103244882932,45.54201296127793,15.024752616882324,44.06808853149414
11.733103244882933,45.422012961277936,13.923564910888672,16.889245986938477
12.113103244882932,45.682012961277934,14.65986442565918,40.6497688293457
11.273103244882932,45.20201296127794,14.586484909057617,14.38975715637207
11.913103244882933,46.502012961277934,5.453540802001953,1734.907470703125
12.093103244882933,45.002012961277934,13.570058822631836,0.303203284740448
11.533103244882932,45.502012961277934,13.599287033081055,83.19058990478516
12.153103244882931,46.52201296127794,7.083589553833008,1306.3994140624998
11.993103244882933,45.76201296127793,14.182392120361328,100.07336425781251
11.953103244882932,45.04201296127793,14.385331153869629,0.0035376395098865032
11.113103244882932,45.54201296127793,12.125643730163574,559.87762451171875
11.393103244882932,45.56201296127794,13.926518440246582,161.73114013671875
12.673103244882933,45.642012961277935,14.123174667358398,-1.3734816312789917
11.293103244882932,45.58201296127793,10.98843765258789,664.61370849609375
12.233103244882933,45.742012961277936,14.748130798339844,40.12984085083008
11.853103244882933,45.182012961277934,14.292795181274414,2.2365036010742188
11.833103244882933,46.362012961277934,4.128259181976318,1838.8251953125
11.173103244882933,45.682012961277934,7.155077934265137,1256.064697265625
10.953103244882932,45.66201296127794,9.622474670410156,1167.8984375
11.573103244882933,45.142012961277935,14.22479248046875,5.573878288269043
11.873103244882932,45.922012961277936,7.685826301574707,998.3914794921875
11.093103244882933,45.602012961277936,10.302553176879883,1038.6275634765625
12.133103244882932,45.962012961277935,11.555656433105469,276.0775146484375
11.793103244882932,45.02201296127793,14.844803810119629,2.479601383209229
12.253103244882933,46.06201296127794,7.882282733917236,859.9066162109374
12.093103244882933,45.38201296127794,14.16950511932373,3.2411277294158936
10.913103244882933,45.38201296127794,14.786961555480957,59.65839385986328
12.173103244882933,45.76201296127793,14.07613468170166,66.18790435791016
12.093103244882933,46.48201296127794,1.9908630847930908,2265.8388671875
12.313103244882932,44.90201296127793,14.165081024169922,-3.1145002841949463
12.053103244882932,45.48201296127793,14.027286529541016,8.961402893066406
12.253103244882933,45.56201296127794,13.958581924438477,7.287611007690429
12.113103244882932,45.58201296127793,14.032272338867188,16.090763092041016
11.873103244882932,45.84201296127794,12.12016487121582,297.1611328125
11.993103244882933,46.40201296127793,6.239827632904053,1511.1102294921875
11.873103244882932,45.742012961277936,13.911806106567383,72.71891784667969
12.433103244882933,46.362012961277934,3.1681969165802,1958.898681640625
12.413103244882933,45.922012961277936,14.36299991607666,45.238834381103516
11.093103244882933,45.182012961277934,14.615559577941895,16.42715835571289
11.913103244882933,45.20201296127794,14.36921215057373,1.5677441358566284
11.613103244882932,45.26201296127793,15.151046752929688,9.890538215637207
11.013103244882933,45.56201296127794,12.231766700744629,486.1684265136719
12.193103244882932,45.102012961277936,14.127398490905762,-2.6682279109954834
11.953103244882932,45.30201296127793,14.249677658081055,4.379568099975586
10.813103244882932,45.682012961277934,7.392491340637207,1646.2578125000002
12.433103244882933,45.54201296127793,12.958910942077637,-1.3223620653152466
11.573103244882933,45.682012961277934,14.420491218566895,89.56846618652344
12.093103244882933,46.08201296127793,10.779221534729004,295.5652160644531
12.253103244882933,45.76201296127793,14.229263305664062,48.791297912597656
11.393103244882932,45.52201296127794,14.313069343566895,135.79824829101562
12.073103244882933,45.84201296127794,12.650794982910156,126.8197555541992
12.053103244882932,45.142012961277935,13.949313163757324,-0.7376576066017151
